ts_ms,speed_kmh,rpm,voltage_V,curr_in_A,curr_mot_A,duty_pct,temp_fet_C,temp_mot_C,amp_hours,tacho
0,17.94,2323.9,81.59,10.33,25.82,23.9,37.2,32.3,0.0,0
83,18.3,2413.7,81.23,9.52,25.71,24.0,37.7,31.7,0.0008,3
166,18.27,2440.1,80.76,10.93,31.06,26.7,37.7,32.5,0.0016,6
249,19.08,2469.4,81.81,10.1,27.07,23.0,38.3,31.6,0.0024,10
332,17.29,2217.0,81.37,6.84,20.91,14.2,37.6,31.7,0.0032,12
415,18.13,2391.0,81.49,10.02,27.18,25.8,38.5,32.3,0.004,16
498,18.25,2336.9,81.35,10.23,27.48,28.2,38.0,32.0,0.0048,19
581,18.43,2392.1,81.33,10.04,25.42,24.9,37.7,32.1,0.0056,23
664,19.05,2404.4,81.54,10.66,30.07,26.5,38.6,32.8,0.0064,26
747,18.47,2371.8,81.27,11.91,31.85,28.6,38.3,32.5,0.0072,29
830,18.55,2396.5,80.97,10.21,30.56,26.9,39.7,32.2,0.008,33
913,18.91,2481.4,80.89,10.32,28.87,23.8,38.8,32.5,0.0088,37
996,19.49,2532.8,80.36,10.08,29.05,24.6,37.9,32.1,0.0096,42
1079,19.02,2456.6,81.15,7.88,27.94,21.1,38.7,32.2,0.0104,44
1162,18.92,2459.5,80.42,10.4,31.12,24.2,38.1,32.7,0.0112,47
1245,19.81,2491.1,80.98,10.65,28.42,26.6,39.5,32.6,0.012,51
1328,19.88,2519.7,81.3,13.1,35.75,33.5,38.6,32.4,0.0128,55
1411,19.43,2532.1,81.55,7.83,25.21,20.0,38.6,33.1,0.0136,59
1494,19.26,2519.8,80.92,10.1,30.37,22.8,39.9,32.4,0.0144,62
1577,19.24,2475.9,81.38,10.21,30.76,27.8,38.8,32.8,0.0152,65
1660,20.18,2653.8,81.36,11.77,36.16,30.8,38.9,32.5,0.016,73
1743,19.51,2615.3,80.83,11.48,36.73,29.3,38.9,32.5,0.0168,75
1826,20.18,2654.3,81.03,9.75,27.11,21.7,37.8,32.9,0.0176,80
1909,20.15,2567.1,81.28,13.34,37.21,35.4,38.6,32.8,0.0184,81
1992,20.0,2713.6,80.98,11.44,34.9,35.8,39.4,33.2,0.0192,90
2075,19.18,2580.3,81.38,10.0,30.16,25.1,38.9,32.8,0.02,89
2158,19.32,2612.3,81.21,10.96,33.77,22.9,39.5,33.2,0.0208,93
2241,20.23,2624.7,81.15,12.11,31.66,29.8,38.4,32.7,0.0216,98
2324,20.83,2730.8,80.83,11.78,34.73,30.2,39.0,33.0,0.0224,105
2407,20.91,2701.4,81.39,11.67,32.01,28.2,38.7,32.7,0.0232,108
2490,20.03,2636.4,80.77,12.43,36.13,30.8,38.9,32.6,0.024,109
2573,20.94,2708.8,80.41,13.77,37.06,35.4,40.5,33.0,0.0248,116
2656,20.91,2733.3,81.12,13.51,40.52,35.2,39.0,33.3,0.0256,120
2739,21.37,2758.9,80.02,10.87,31.21,27.0,39.4,32.8,0.0264,125
2822,20.33,2542.0,81.29,13.04,36.53,31.1,39.2,32.7,0.0272,119
2905,20.51,2687.2,81.08,12.21,39.83,30.8,39.5,33.0,0.028,130
2988,20.7,2709.4,81.45,11.68,36.61,29.0,40.1,32.8,0.0288,134
3071,20.93,2740.7,80.12,13.57,36.41,32.5,39.7,32.8,0.0296,140
3154,21.27,2786.2,80.97,13.48,40.93,36.4,38.8,33.2,0.0304,146
3237,21.52,2867.2,80.09,13.09,40.06,34.3,40.0,33.8,0.0312,154
3320,22.03,2761.0,80.18,13.07,37.7,32.5,39.2,33.7,0.032,152
3403,21.08,2801.0,80.98,11.77,33.36,28.5,40.1,32.8,0.0328,158
3486,21.6,2898.1,80.68,13.93,35.96,34.9,39.7,33.4,0.0336,168
3569,21.88,2930.7,80.94,10.75,32.16,25.3,40.2,33.3,0.0344,174
3652,21.81,2826.4,79.88,16.43,41.68,41.0,39.9,32.9,0.0352,172
3735,21.97,2829.0,80.56,14.05,42.39,36.9,39.7,33.9,0.036,176
3818,22.7,2952.1,80.5,11.99,37.96,29.1,39.5,33.8,0.0368,187
3901,22.12,2854.5,80.02,14.38,41.46,34.3,39.7,33.7,0.0376,185
3984,21.67,2841.5,81.09,12.53,33.2,29.4,39.1,33.3,0.0384,188
4067,21.8,2832.7,80.83,12.94,39.7,33.5,39.7,33.2,0.0392,192
4150,21.84,2852.2,80.54,14.69,44.35,37.1,40.1,33.1,0.04,197
4233,22.13,2829.5,80.11,15.5,45.04,37.5,40.0,33.7,0.0408,199
4316,22.28,2952.6,79.95,15.53,43.33,37.9,39.8,33.5,0.0416,212
4399,21.9,2849.6,81.2,15.82,45.19,36.1,40.4,33.8,0.0424,208
4482,22.87,3085.5,80.41,15.32,43.23,39.6,39.7,33.8,0.0432,230
4565,21.93,2918.3,79.75,15.22,41.03,36.3,40.0,33.4,0.044,222
4648,22.82,2911.1,79.81,13.61,41.47,33.9,40.5,33.4,0.0448,225
4731,22.13,2807.5,80.73,15.04,41.3,38.4,40.2,34.0,0.0456,221
4814,22.52,2920.3,80.78,13.0,40.5,34.4,40.4,33.5,0.0464,234
4897,22.69,2964.3,79.76,14.82,45.4,35.5,40.7,33.4,0.0472,241
4980,22.85,2974.1,80.57,13.4,42.76,35.5,40.2,33.9,0.048,246
5063,22.45,2891.0,80.76,14.38,41.61,36.2,40.1,34.3,0.0488,243
5146,22.84,2985.6,80.37,16.92,46.05,44.3,40.5,33.9,0.0496,256
5229,23.07,2982.6,80.36,15.48,42.12,39.3,40.5,34.2,0.0504,259
5312,23.21,2968.9,79.91,15.14,44.76,38.2,40.5,32.7,0.0512,262
5395,22.84,2926.3,79.85,15.81,47.4,36.8,40.8,34.0,0.052,263
5478,23.56,3067.0,80.82,13.89,42.25,35.3,41.2,34.1,0.0528,280
5561,23.17,2947.2,80.82,15.31,41.26,33.6,40.7,34.1,0.0536,273
5644,23.26,3093.0,79.54,15.05,40.82,40.4,40.9,34.0,0.0544,290
5727,23.43,3059.2,80.06,15.33,39.05,42.3,40.8,33.9,0.0552,291
5810,23.29,3048.2,80.19,15.98,41.91,40.4,40.6,34.6,0.056,295
5893,23.57,3101.2,80.28,14.2,41.17,30.3,40.7,34.7,0.0568,304
5976,23.33,3019.8,80.27,15.21,45.25,40.3,40.2,34.8,0.0576,300
6059,24.28,3158.9,79.99,17.05,49.12,43.0,41.0,34.1,0.0584,318
6142,24.1,3219.4,80.38,16.44,49.4,41.1,40.9,34.4,0.0592,329
6225,23.95,3102.1,79.74,14.56,42.8,33.7,40.2,34.4,0.06,321
6308,24.31,3179.6,79.82,16.76,45.06,39.5,41.0,33.9,0.0608,334
6391,24.44,3139.8,80.44,17.75,50.74,45.4,41.1,34.5,0.0616,334
6474,23.56,3043.3,80.55,17.56,47.59,43.0,40.0,34.2,0.0624,328
6557,24.24,3177.4,80.47,16.94,48.25,42.7,40.8,34.4,0.0632,347
6640,24.86,3221.6,79.75,19.18,51.53,43.9,41.2,34.2,0.064,356
6723,24.23,3119.9,80.71,17.72,48.2,43.5,41.3,34.2,0.0648,349
6806,25.0,3282.2,80.69,18.33,49.99,43.7,42.4,34.9,0.0656,372
6889,25.03,3184.7,80.42,14.75,44.63,36.6,40.5,34.8,0.0664,365
6972,24.98,3244.9,79.81,14.67,44.31,38.0,41.2,34.7,0.0672,377
7055,25.28,3303.5,80.61,18.33,49.86,45.9,41.0,34.5,0.068,388
7138,24.85,3308.6,79.66,15.79,44.13,42.6,41.0,34.4,0.0688,393
7221,24.43,3224.3,79.88,15.55,47.43,35.4,41.5,34.6,0.0696,388
7304,25.09,3298.7,79.56,16.05,46.65,42.3,41.9,34.5,0.0704,401
7387,24.08,3071.6,80.54,18.0,49.07,45.5,41.3,35.0,0.0712,378
7470,25.91,3438.0,79.4,14.06,42.71,38.1,41.5,34.8,0.072,428
7553,25.23,3282.7,79.66,16.56,46.07,40.8,41.1,34.6,0.0728,413
7636,25.01,3252.9,80.1,17.62,47.4,45.2,41.3,34.8,0.0736,413
7719,24.95,3329.2,79.78,16.12,47.96,40.8,41.1,35.6,0.0744,428
7802,24.93,3274.3,79.11,15.94,47.93,38.7,41.8,34.6,0.0752,425
7885,25.9,3307.6,80.27,14.55,46.57,35.0,41.1,35.1,0.076,434
7968,26.23,3503.0,79.65,18.13,50.45,42.9,41.6,35.8,0.0768,465
8051,26.21,3454.6,80.37,17.53,48.76,41.8,41.7,34.7,0.0776,463
8134,25.47,3405.3,79.06,18.8,50.81,43.6,42.4,34.4,0.0784,461
8217,25.61,3355.3,79.33,15.54,49.0,41.2,41.1,35.1,0.0792,459
8300,25.64,3375.0,79.62,19.05,54.46,49.1,42.3,34.9,0.08,466
8383,26.2,3352.5,80.0,18.05,50.25,48.0,41.7,35.0,0.0808,468
8466,25.86,3347.1,79.35,16.01,49.77,37.8,42.4,35.5,0.0816,472
8549,24.89,3221.8,79.7,16.65,51.46,39.5,42.3,35.0,0.0824,459
8632,25.53,3310.1,79.36,17.39,47.89,44.7,42.4,35.5,0.0832,476
8715,25.96,3349.2,79.15,17.63,47.66,40.9,41.8,35.4,0.084,486
8798,25.96,3292.0,79.1,18.61,52.97,43.5,41.5,35.8,0.0848,482
8881,26.14,3377.7,79.44,19.0,52.56,45.9,41.9,34.7,0.0856,499
8964,26.9,3522.2,79.94,27.56,50.96,65.7,41.9,35.4,0.0864,526
9047,26.42,3482.2,80.0,17.62,49.25,43.5,41.9,35.4,0.0872,525
9130,26.33,3430.3,79.14,18.93,56.08,48.5,42.6,35.2,0.088,521
9213,26.84,3454.8,79.96,17.84,50.12,43.5,42.0,35.7,0.0888,530
9296,26.5,3509.6,79.46,19.28,55.16,51.1,42.3,35.4,0.0896,543
9379,27.03,3480.9,80.23,16.14,48.22,38.9,42.7,35.4,0.0904,544
9462,26.74,3410.9,79.76,16.71,50.16,40.4,41.9,35.2,0.0912,537
9545,25.99,3303.8,79.31,16.6,48.33,43.5,41.9,35.3,0.092,525
9628,26.97,3528.8,79.14,19.22,53.84,42.9,42.2,35.0,0.0928,566
9711,26.58,3473.7,79.01,16.48,51.2,41.6,42.5,35.4,0.0936,562
9794,27.57,3669.6,80.02,20.37,59.15,50.0,41.5,36.2,0.0944,599
9877,26.71,3414.0,80.19,19.23,57.4,47.6,42.3,35.3,0.0952,562
9960,26.28,3368.9,78.79,19.7,55.23,53.3,42.8,35.1,0.096,559
10043,26.64,3466.3,78.95,19.71,54.69,48.4,42.5,35.9,0.0968,580
10126,27.35,3541.5,79.43,21.56,58.85,55.3,43.1,35.6,0.0976,597
10209,26.51,3494.8,79.04,18.94,52.77,49.0,43.2,36.0,0.0984,594
10292,26.31,3487.9,80.09,18.71,51.66,50.5,42.6,36.2,0.0992,598
10375,27.55,3448.6,79.59,17.68,51.69,45.0,43.4,36.3,0.1,596
10458,26.68,3489.1,79.15,18.65,53.55,47.0,42.6,36.2,0.1008,608
10541,27.67,3673.9,79.78,20.04,56.27,54.0,42.8,36.1,0.1016,645
10624,27.38,3556.7,78.79,19.65,55.18,49.1,43.2,35.9,0.1024,629
10707,27.33,3640.4,79.71,18.95,54.77,48.5,43.6,36.2,0.1032,649
10790,26.8,3470.9,79.34,18.3,54.97,47.6,43.4,36.1,0.104,624
10873,27.47,3591.6,79.25,14.99,48.51,38.8,43.5,36.2,0.1048,650
10956,27.06,3562.2,79.28,19.24,55.46,50.5,43.4,36.3,0.1056,650
11039,27.74,3563.6,79.52,19.08,51.72,47.6,42.6,36.3,0.1064,655
11122,28.16,3706.7,78.71,16.94,51.59,42.1,42.9,36.0,0.1072,687
11205,27.79,3584.2,79.35,20.8,57.43,53.2,43.1,35.9,0.108,669
11288,28.28,3768.7,79.86,19.06,55.33,50.3,43.7,36.4,0.1088,709
11371,27.33,3498.4,79.45,18.99,52.73,48.8,43.0,35.8,0.1096,663
11454,28.29,3618.2,78.48,17.94,52.51,43.6,43.2,36.2,0.1104,690
11537,27.66,3671.4,79.36,20.54,58.45,48.7,43.7,35.8,0.1112,705
11620,28.68,3713.4,78.98,18.9,54.4,50.6,43.1,36.3,0.112,719
11703,28.25,3659.4,79.38,19.95,52.4,50.0,43.1,36.3,0.1128,713
11786,28.4,3746.7,79.82,18.64,54.84,45.0,43.7,36.1,0.1136,735
11869,28.55,3722.7,79.73,18.32,51.09,46.2,43.1,36.1,0.1144,736
11952,28.05,3719.5,79.11,18.67,52.7,46.7,43.4,36.3,0.1152,740
12035,28.32,3656.0,78.82,18.91,51.84,47.8,43.6,36.5,0.116,733
12118,28.13,3690.0,79.6,19.92,54.88,53.1,43.7,36.7,0.1168,745
12201,28.61,3702.9,78.54,18.17,51.6,44.7,43.8,36.5,0.1176,752
12284,29.2,3809.6,78.49,17.55,51.51,43.4,43.4,36.7,0.1184,779
12367,28.4,3651.9,78.84,21.82,59.81,50.6,44.5,36.9,0.1192,752
12450,28.41,3760.5,78.96,18.95,52.95,46.4,44.1,36.8,0.12,780
12533,28.85,3795.6,78.38,19.32,57.35,50.9,44.2,36.2,0.1208,792
12616,28.49,3732.3,79.42,17.02,50.94,41.8,43.7,36.8,0.1216,784
12699,28.05,3649.3,79.03,18.39,49.92,44.8,43.6,36.4,0.1224,772
12782,28.93,3707.4,79.46,20.63,57.92,51.1,44.3,37.1,0.1232,789
12865,28.76,3718.5,79.59,20.46,58.01,50.5,44.5,36.4,0.124,797
12948,28.28,3636.8,78.97,17.0,49.93,44.2,43.8,37.0,0.1248,784
13031,28.13,3632.5,79.42,20.64,57.99,52.0,44.4,36.7,0.1256,788
13114,28.61,3661.0,79.37,20.09,54.94,48.0,44.3,37.1,0.1264,800
13197,29.07,3769.0,79.11,19.1,57.88,45.7,44.1,36.9,0.1272,828
13280,29.28,3849.2,79.17,17.79,54.12,47.8,43.8,36.8,0.128,851
13363,29.28,3835.6,78.13,19.68,56.96,47.3,43.5,36.6,0.1288,854
13446,28.72,3778.3,78.38,18.67,56.49,48.2,43.7,36.9,0.1296,846
13529,28.44,3665.8,79.01,17.95,52.22,45.8,44.6,37.8,0.1304,826
13612,28.64,3726.6,79.33,21.65,59.8,56.9,44.8,37.4,0.1312,845
13695,28.25,3716.4,78.38,19.87,55.27,51.1,44.8,37.6,0.132,848
13778,29.09,3691.8,79.26,18.42,51.73,45.4,44.2,36.9,0.1328,847
13861,29.14,3788.0,78.69,17.41,51.25,46.9,43.7,37.3,0.1336,875
13944,28.41,3782.5,78.0,18.39,52.1,44.2,44.9,37.8,0.1344,879
14027,28.94,3770.8,79.09,17.47,52.85,40.5,44.4,37.2,0.1352,881
14110,29.57,3763.5,79.02,18.45,54.54,47.1,44.5,36.6,0.136,885
14193,29.53,3848.2,78.91,20.39,57.51,51.1,44.4,37.3,0.1368,910
14276,29.58,3843.1,79.38,20.15,59.41,48.3,44.1,37.5,0.1376,914
14359,29.47,3867.9,79.2,17.28,50.07,41.1,44.9,37.4,0.1384,925
14442,29.22,3893.3,78.57,17.77,53.53,45.7,45.0,37.4,0.1392,937
14525,29.4,3743.5,78.69,21.12,56.55,55.6,44.7,37.4,0.14,906
14608,29.01,3767.5,79.14,18.03,50.15,45.2,45.3,37.4,0.1408,917
14691,29.19,3812.8,78.56,16.39,53.63,40.7,44.5,37.4,0.1416,933
14774,28.8,3757.4,77.86,18.94,53.71,47.8,44.6,37.5,0.1424,925
14857,28.83,3758.5,78.82,18.04,48.78,45.8,45.1,37.4,0.1432,930
14940,29.49,3779.3,78.26,16.36,49.82,44.1,45.3,37.4,0.144,941
15023,29.53,3870.5,79.22,19.77,53.98,48.5,45.5,37.6,0.1448,969
15106,29.45,3912.1,78.98,18.62,50.08,47.7,44.8,37.9,0.1456,984
15189,29.76,3931.9,77.91,15.89,50.06,43.2,44.6,37.7,0.1464,995
15272,29.94,3864.8,78.04,18.21,52.94,42.5,44.7,37.5,0.1472,983
15355,29.44,3891.1,78.77,18.62,55.13,45.3,45.1,37.5,0.148,995
15438,30.34,3970.4,78.68,19.35,55.3,53.2,45.1,38.2,0.1488,1021
15521,29.84,3820.4,78.18,20.32,56.86,50.5,44.7,37.5,0.1496,988
15604,29.75,3871.2,78.01,18.33,50.69,43.3,45.1,37.5,0.1504,1006
15687,28.74,3677.7,78.3,18.88,56.2,46.8,45.2,37.7,0.1512,961
15770,30.14,3971.2,78.4,17.99,49.48,44.9,45.7,37.0,0.152,1043
15853,30.11,3889.3,78.4,21.7,58.8,57.0,44.6,38.1,0.1528,1027
15936,29.52,3845.1,78.1,18.19,53.63,45.1,45.6,37.4,0.1536,1021
16019,29.48,3879.4,77.71,15.95,48.21,37.2,45.3,38.0,0.1544,1035
16102,29.79,3898.3,77.9,19.64,55.63,46.6,46.1,37.6,0.1552,1046
16185,29.56,3880.0,77.58,18.38,53.06,43.6,45.7,37.5,0.156,1046
16268,30.71,4052.6,78.1,16.92,47.28,40.0,46.3,38.2,0.1568,1098
16351,29.21,3851.3,78.4,20.72,58.55,51.4,45.8,38.3,0.1576,1049
16434,29.97,3933.8,77.97,18.1,47.24,48.3,45.2,38.2,0.1584,1077
16517,30.37,3923.7,78.56,16.8,50.65,41.5,46.2,38.8,0.1592,1080
16600,30.15,3979.9,77.92,15.31,46.43,34.8,45.5,38.3,0.16,1101
16683,29.85,3839.6,78.01,16.81,47.77,40.0,45.5,38.0,0.1608,1067
16766,29.61,3820.3,77.54,16.0,45.27,39.3,45.5,38.4,0.1616,1067
16849,29.92,3836.3,78.65,17.58,51.78,42.9,45.8,37.8,0.1624,1077
16932,30.57,3869.6,78.74,17.44,47.68,42.6,46.3,38.3,0.1632,1091
17015,30.18,3957.8,78.35,17.6,51.58,43.0,46.1,38.2,0.164,1122
17098,29.65,3912.4,78.44,16.66,50.28,39.3,46.0,38.4,0.1648,1114
17181,29.99,3954.1,77.44,17.18,48.61,44.8,46.5,38.5,0.1656,1132
17264,30.35,3895.9,78.17,15.04,43.97,33.8,46.4,38.4,0.1664,1120
17347,29.25,3769.1,78.01,18.45,51.72,48.5,46.6,38.7,0.1672,1089
17430,29.96,3854.9,77.37,16.66,48.63,43.6,46.1,38.6,0.168,1119
17513,29.59,3924.9,78.54,15.58,47.2,38.8,46.4,38.6,0.1688,1145
17596,29.72,3913.3,78.13,15.52,46.06,37.5,46.7,39.1,0.1696,1147
17679,31.0,4027.2,78.3,16.63,46.18,39.4,46.2,38.4,0.1704,1186
17762,30.12,3871.5,77.78,18.22,52.45,46.5,45.7,38.6,0.1712,1146
17845,29.88,3756.0,77.6,17.52,49.56,41.2,46.3,38.3,0.172,1117
17928,30.25,3993.8,77.83,27.86,49.03,74.4,46.6,38.8,0.1728,1193
18011,30.03,3892.9,77.71,16.16,49.5,42.2,47.2,38.5,0.1736,1168
18094,29.97,3878.6,78.52,17.63,48.41,42.8,46.1,38.7,0.1744,1169
18177,30.22,3967.1,78.18,16.3,46.06,37.6,46.1,38.5,0.1752,1201
18260,29.79,3852.0,78.33,15.65,45.29,40.8,46.5,38.8,0.176,1172
18343,30.26,3921.6,78.16,16.9,44.57,40.8,46.6,39.0,0.1768,1198
18426,29.82,3833.3,77.2,15.68,49.98,39.8,46.3,38.8,0.1776,1177
18509,30.61,3949.1,78.27,16.73,49.32,42.0,45.8,38.8,0.1784,1218
18592,29.93,3865.0,77.72,15.27,44.52,37.0,46.3,38.9,0.1792,1197
18675,29.9,3819.0,78.47,17.05,48.68,42.4,45.9,38.8,0.18,1188
18758,29.22,3863.1,77.29,15.48,44.01,40.4,46.7,38.6,0.1808,1207
18841,29.31,3865.0,77.79,16.43,47.85,36.5,47.0,39.0,0.1816,1213
18924,30.18,3902.6,77.2,16.98,48.55,37.8,46.9,39.8,0.1824,1230
19007,29.78,3876.3,77.71,17.54,45.02,47.4,46.6,40.0,0.1832,1227
19090,29.54,3824.9,77.14,15.75,47.07,39.7,47.1,39.3,0.184,1216
19173,30.37,3946.3,77.43,16.63,46.76,39.1,47.0,39.0,0.1848,1261
19256,30.51,3883.0,77.28,15.13,43.33,37.2,46.8,39.4,0.1856,1246
19339,30.25,3933.6,78.15,16.39,46.7,36.0,46.9,39.7,0.1864,1267
19422,30.56,3977.7,77.45,16.08,45.51,39.5,47.5,38.6,0.1872,1287
19505,29.96,3882.0,78.3,15.07,41.4,36.8,46.9,39.2,0.188,1261
19588,30.12,3936.9,77.34,13.9,41.19,32.6,47.0,38.9,0.1888,1285
19671,29.82,3884.0,77.31,16.19,45.61,39.9,46.6,39.5,0.1896,1273
19754,30.41,3983.1,78.34,13.63,39.74,33.0,47.2,39.2,0.1904,1311
19837,30.37,3973.4,77.54,16.29,44.24,42.0,47.5,39.1,0.1912,1313
19920,29.49,3829.6,78.31,13.41,37.34,33.2,46.9,39.7,0.192,1271
20003,29.32,3798.2,77.87,17.04,41.95,45.1,47.5,39.5,0.1928,1266
20086,30.01,3896.0,77.76,13.6,42.73,36.9,47.3,38.7,0.1936,1304
20169,30.51,3891.5,76.99,15.22,45.94,40.2,47.2,39.2,0.1944,1308
20252,29.68,3820.9,78.07,13.08,38.02,32.5,47.2,39.7,0.1952,1289
20335,29.89,3862.7,77.51,14.51,45.62,35.5,47.5,39.9,0.196,1309
20418,29.72,3979.8,77.22,16.78,45.22,39.0,47.9,39.7,0.1968,1354
20501,29.81,3881.8,78.24,13.73,42.14,32.5,48.2,39.8,0.1976,1326
20584,29.61,3869.9,77.95,14.22,41.21,33.9,47.6,39.9,0.1984,1327
20667,29.24,3772.6,77.26,15.09,43.95,39.3,48.0,40.1,0.1992,1299
20750,29.88,3925.8,78.16,15.53,45.85,41.2,47.4,39.5,0.2,1357
20833,30.01,4018.6,77.23,13.63,38.49,32.4,47.6,39.9,0.2008,1395
20916,29.31,3868.9,77.51,13.78,40.94,33.5,47.1,40.2,0.2016,1348
20999,29.51,3898.7,78.0,13.47,38.41,35.0,47.3,39.3,0.2024,1364
21082,29.86,3863.2,77.1,14.51,39.77,35.0,47.4,40.0,0.2032,1357
21165,29.55,3847.9,77.34,10.24,33.82,26.1,47.4,40.6,0.204,1357
21248,30.66,3996.7,76.72,18.6,47.09,45.0,48.0,39.8,0.2048,1415
21331,29.54,3894.3,76.98,11.92,36.12,31.5,47.8,40.2,0.2056,1384
21414,29.22,3793.3,77.98,14.29,41.13,38.1,47.3,39.8,0.2064,1353
21497,29.96,3862.6,77.9,12.71,36.68,36.4,47.7,39.9,0.2072,1383
21580,29.85,3917.0,77.53,12.82,38.97,30.3,47.6,40.1,0.208,1408
21663,30.36,4017.5,77.35,13.31,36.02,36.4,48.5,40.5,0.2088,1450
21746,28.71,3740.7,77.26,12.37,35.97,34.7,48.4,40.6,0.2096,1355
21829,29.38,3824.0,76.79,11.78,33.25,32.6,48.7,40.2,0.2104,1391
21912,29.17,3841.7,77.04,11.1,33.48,27.5,48.3,40.2,0.2112,1402
21995,29.52,3797.6,76.56,13.82,35.31,34.9,48.0,39.8,0.212,1392
22078,29.67,3844.6,77.87,13.24,36.62,29.5,48.2,40.2,0.2128,1414
22161,29.89,3849.8,77.15,13.65,37.35,34.0,48.1,39.8,0.2136,1421
22244,29.01,3690.5,76.84,13.49,37.3,33.1,48.4,40.5,0.2144,1368
22327,29.45,3775.5,76.79,10.65,34.57,25.0,48.9,40.6,0.2152,1404
22410,29.68,3867.3,76.65,12.31,36.86,31.5,48.5,41.0,0.216,1444
22493,29.0,3758.1,76.54,10.98,33.67,32.1,48.0,40.2,0.2168,1408
22576,29.27,3755.6,77.8,12.7,34.83,32.8,48.2,40.7,0.2176,1413
22659,29.12,3785.9,76.42,10.95,31.72,25.1,48.7,40.5,0.2184,1429
22742,28.6,3754.7,77.38,9.91,33.96,22.0,49.1,40.8,0.2192,1423
22825,29.34,3871.6,77.34,12.2,32.6,29.7,48.4,40.2,0.22,1472
22908,29.72,3899.7,76.66,10.94,32.18,29.1,49.3,40.3,0.2208,1488
22991,28.73,3725.1,77.84,11.44,33.46,30.4,48.7,40.8,0.2216,1427
23074,29.36,3866.6,77.0,11.05,31.27,27.1,49.0,40.4,0.2224,1486
23157,28.95,3732.6,77.23,13.1,33.19,34.9,49.8,40.2,0.2232,1440
23240,28.91,3744.6,77.23,12.02,32.87,29.3,48.9,40.4,0.224,1450
23323,29.26,3784.1,77.41,10.89,31.05,30.0,48.7,40.6,0.2248,1470
23406,29.33,3839.3,76.35,10.96,28.56,28.0,48.6,40.5,0.2256,1497
23489,29.66,3942.1,77.55,7.58,24.04,23.3,49.1,41.1,0.2264,1543
23572,30.02,3874.0,77.3,9.21,28.82,21.7,48.9,40.4,0.2272,1521
23655,29.48,3813.2,76.88,9.87,30.61,23.3,48.9,40.5,0.228,1503
23738,29.35,3799.8,76.65,9.73,27.08,23.0,48.4,41.0,0.2288,1503
23821,28.5,3634.1,77.33,9.49,29.09,21.1,49.2,40.8,0.2296,1442
23904,29.31,3807.5,77.08,27.88,22.02,66.3,49.0,40.6,0.2304,1516
23987,29.48,3762.8,77.54,9.75,27.47,21.5,48.9,41.3,0.2312,1504
24070,29.89,3924.9,76.63,9.22,24.09,25.1,49.2,41.3,0.232,1574
24153,28.77,3679.6,76.76,8.88,27.58,21.2,48.8,41.4,0.2328,1481
24236,28.31,3649.3,77.1,10.17,28.9,21.0,49.9,41.6,0.2336,1474
24319,29.31,3837.1,76.92,10.47,29.21,28.4,49.0,41.2,0.2344,1555
24402,28.52,3666.1,77.14,9.23,27.43,24.8,49.0,41.1,0.2352,1491
24485,28.38,3726.6,77.31,9.77,26.34,26.6,49.8,41.1,0.236,1520
24568,28.34,3702.7,76.6,9.04,25.59,21.6,49.3,41.0,0.2368,1516
24651,28.3,3669.3,76.42,8.5,23.99,20.6,50.2,41.6,0.2376,1507
24734,28.61,3760.6,76.84,10.4,25.16,23.2,49.5,40.9,0.2384,1550
24817,28.12,3616.0,76.25,7.27,23.87,15.7,49.5,41.1,0.2392,1495
24900,28.27,3660.7,77.3,9.87,26.89,89.0,50.2,41.2,0.24,1519
24983,28.46,3675.6,76.53,8.91,26.6,19.6,50.2,41.4,0.2408,1530
25066,28.09,3653.2,77.0,8.72,24.68,21.6,49.8,41.8,0.2416,1526
25149,28.82,3804.5,76.71,8.47,25.14,19.3,50.0,41.1,0.2424,1594
25232,28.31,3686.2,76.3,9.59,25.63,22.8,49.8,41.0,0.2432,1550
25315,28.35,3692.0,77.26,9.02,22.8,24.8,50.0,41.2,0.244,1557
25398,28.18,3650.7,76.33,5.67,18.18,17.2,50.4,41.5,0.2448,1545
25481,27.75,3662.2,76.87,9.86,27.18,22.7,50.6,41.5,0.2456,1555
25564,28.1,3744.0,76.5,9.67,24.72,23.4,49.8,41.7,0.2464,1595
25647,28.2,3671.2,76.84,9.9,28.83,27.2,49.7,42.0,0.2472,1569
25730,27.87,3661.5,76.06,11.31,32.64,32.5,50.6,41.8,0.248,1570
25813,27.03,3613.9,77.14,10.26,28.16,24.5,49.9,41.1,0.2488,1554
25896,27.9,3551.7,76.59,9.04,26.66,20.7,50.4,41.3,0.2496,1532
25979,27.19,3585.2,76.89,11.58,31.07,28.2,50.5,41.7,0.2504,1552
26062,28.45,3699.5,76.19,9.27,28.99,22.2,49.9,42.1,0.2512,1606
26145,27.9,3637.6,76.96,11.31,32.81,32.0,50.0,42.1,0.252,1585
26228,27.24,3517.5,76.74,10.14,29.61,28.2,50.7,41.7,0.2528,1537
26311,27.66,3629.6,77.24,10.25,27.79,25.3,50.2,41.7,0.2536,1591
26394,27.42,3540.8,75.83,11.64,29.96,29.1,50.8,42.0,0.2544,1557
26477,27.37,3524.2,76.17,11.49,32.48,31.6,50.4,41.9,0.2552,1555
26560,27.24,3545.7,76.86,10.77,31.06,25.7,49.7,42.3,0.256,1569
26643,27.37,3571.4,76.61,11.29,32.39,27.3,50.2,42.6,0.2568,1585
26726,27.8,3679.5,76.04,15.23,38.18,39.6,50.9,42.5,0.2576,1638
26809,27.33,3478.5,76.21,12.35,33.92,32.6,50.3,41.5,0.2584,1554
26892,27.4,3574.4,76.01,10.07,29.96,26.9,50.5,42.2,0.2592,1602
26975,27.44,3622.1,76.22,11.06,34.69,25.5,50.4,41.6,0.26,1628
27058,26.95,3468.5,76.33,9.75,28.1,24.2,50.8,42.7,0.2608,1564
27141,26.49,3419.1,76.35,10.88,33.42,25.8,51.9,42.0,0.2616,1546
27224,27.22,3528.4,75.79,10.56,31.07,25.0,50.1,42.7,0.2624,1600
27307,26.78,3500.0,76.67,12.2,34.09,30.7,50.9,41.9,0.2632,1592
27390,26.59,3414.3,76.43,11.55,33.9,26.2,50.7,42.2,0.264,1558
27473,27.2,3502.5,75.82,11.27,34.43,27.7,50.4,41.9,0.2648,1603
27556,26.74,3459.8,75.97,10.41,34.14,26.8,51.0,42.0,0.2656,1588
27639,26.92,3466.7,75.89,11.71,33.53,28.3,50.8,41.9,0.2664,1596
27722,27.2,3641.9,76.21,11.5,36.44,29.3,51.2,42.4,0.2672,1682
27805,26.32,3486.8,76.93,11.56,32.38,27.4,51.6,42.6,0.268,1615
27888,26.43,3426.8,76.28,12.55,33.79,29.6,50.9,42.4,0.2688,1592
27971,26.7,3399.5,76.6,11.72,34.18,29.3,51.3,42.3,0.2696,1584
28054,26.07,3397.6,76.7,14.04,42.0,30.9,50.9,42.5,0.2704,1588
28137,25.98,3354.7,75.83,13.86,39.72,35.4,50.9,42.8,0.2712,1573
28220,26.54,3432.2,75.69,15.38,44.6,40.5,51.4,42.5,0.272,1614
28303,27.03,3484.5,76.87,14.61,40.86,39.0,51.1,43.0,0.2728,1643
28386,25.69,3355.1,76.13,12.8,38.05,34.7,50.9,42.6,0.2736,1587
28469,26.2,3375.1,76.34,14.6,39.23,33.0,51.4,42.7,0.2744,1601
28552,25.66,3255.1,75.75,15.04,41.27,37.8,51.8,43.7,0.2752,1548
28635,26.53,3443.6,75.44,13.84,37.33,33.1,51.3,42.5,0.276,1643
28718,26.13,3394.0,76.67,16.02,42.61,42.3,51.7,42.1,0.2768,1624
28801,26.31,3424.1,76.32,14.92,41.5,34.3,51.5,42.5,0.2776,1643
28884,25.82,3376.0,76.48,13.03,40.2,33.2,51.7,42.5,0.2784,1625
28967,25.86,3236.3,76.45,13.07,37.99,34.1,51.7,43.0,0.2792,1562
29050,25.42,3218.6,75.7,16.31,45.52,40.4,51.8,42.9,0.28,1558
29133,26.02,3308.2,76.34,14.16,39.89,35.4,51.3,43.1,0.2808,1606
29216,25.58,3287.6,76.03,13.97,41.09,38.7,51.7,43.1,0.2816,1600
29299,25.5,3336.0,75.76,12.73,38.22,29.7,51.7,43.5,0.2824,1629
29382,25.6,3330.3,75.34,14.01,39.6,38.1,51.3,43.0,0.2832,1630
29465,25.49,3284.4,75.81,14.97,41.78,35.6,52.4,43.1,0.284,1612
29548,25.45,3339.4,76.38,15.78,40.44,42.2,52.0,43.1,0.2848,1644
29631,25.59,3272.8,76.55,15.27,43.86,39.2,52.1,43.7,0.2856,1616
29714,24.63,3190.6,75.43,13.31,44.64,33.6,51.6,42.8,0.2864,1580
29797,24.99,3299.6,76.03,14.48,40.53,37.8,52.1,43.8,0.2872,1638
29880,25.08,3243.1,75.11,12.91,37.6,37.7,52.0,43.6,0.288,1615
29963,25.33,3283.3,75.21,19.45,48.38,50.9,52.2,43.8,0.2888,1639
30046,25.03,3208.8,75.31,15.05,44.19,34.6,51.7,43.0,0.2896,1606
30129,24.01,3197.7,75.13,14.52,44.21,35.3,52.6,44.1,0.2904,1605
30212,25.12,3226.5,76.08,14.84,42.33,37.2,52.4,43.3,0.2912,1624
30295,24.71,3241.2,76.33,14.64,42.89,32.2,52.4,43.1,0.292,1636
30378,25.17,3280.9,75.13,14.22,45.01,38.8,51.5,42.9,0.2928,1661
30461,25.25,3264.4,76.04,16.13,45.21,41.2,52.9,43.2,0.2936,1657
30544,25.06,3240.3,76.22,16.95,49.13,45.6,52.0,43.5,0.2944,1649
30627,24.96,3263.6,75.43,17.4,47.13,45.8,53.3,43.2,0.2952,1665
30710,23.36,3138.0,75.0,17.39,49.06,48.1,51.9,43.6,0.296,1606
30793,24.8,3248.8,75.32,15.8,44.67,45.2,52.8,44.1,0.2968,1667
30876,24.75,3259.0,75.46,16.23,48.01,40.4,52.8,43.8,0.2976,1677
30959,24.27,3157.3,75.83,15.82,45.86,34.3,52.9,43.4,0.2984,1629
31042,23.71,3125.5,76.24,14.22,40.05,33.8,52.0,43.7,0.2992,1617
31125,24.13,3161.0,75.9,15.75,44.15,39.1,52.8,43.9,0.3,1639
31208,23.87,3040.6,75.01,18.02,49.79,43.3,52.3,44.4,0.3008,1581
31291,24.04,3178.6,76.11,18.66,52.08,47.5,52.9,44.2,0.3016,1657
31374,23.67,2997.2,75.93,16.83,46.43,44.6,52.9,43.9,0.3024,1567
31457,23.51,3022.7,75.87,16.76,49.51,39.6,52.8,43.9,0.3032,1584
31540,23.79,3129.5,76.18,16.48,48.73,39.4,53.1,43.8,0.304,1645
31623,23.41,3012.7,74.96,15.85,46.98,41.2,52.8,44.2,0.3048,1587
31706,23.53,3098.3,76.18,15.53,47.77,40.4,53.0,43.1,0.3056,1637
31789,23.14,2954.1,74.99,16.4,45.88,39.1,52.1,43.8,0.3064,1565
31872,22.52,2943.8,75.53,19.66,53.81,48.6,52.5,44.4,0.3072,1563
31955,22.84,2938.6,76.04,15.62,44.56,37.8,54.0,43.9,0.308,1565
32038,23.26,2999.5,75.57,18.04,51.71,47.9,53.0,44.1,0.3088,1601
32121,22.84,3063.4,76.09,15.2,45.17,39.3,52.9,44.3,0.3096,1639
32204,22.25,2918.7,75.0,15.52,46.29,37.0,53.3,44.3,0.3104,1566
32287,23.38,3046.2,74.78,14.35,41.99,35.5,53.0,44.5,0.3112,1639
32370,22.65,2987.5,75.58,15.91,45.18,41.3,53.2,44.4,0.312,1611
32453,23.23,3015.6,74.8,16.74,48.66,43.1,53.2,43.5,0.3128,1631
32536,22.79,2956.8,74.89,17.71,48.84,41.2,53.3,44.7,0.3136,1603
32619,23.12,3095.0,75.44,19.85,55.88,48.2,52.8,44.4,0.3144,1682
32702,22.68,2980.0,74.85,16.05,49.7,42.6,52.8,44.1,0.3152,1624
32785,22.47,2899.2,75.87,19.69,53.47,45.9,53.6,44.3,0.316,1584
32868,22.8,2881.0,75.69,15.84,43.87,39.1,53.1,44.5,0.3168,1578
32951,21.91,2832.0,76.0,16.52,49.34,43.2,53.8,44.9,0.3176,1555
33034,21.94,2828.6,75.78,18.29,54.59,45.1,53.2,44.2,0.3184,1557
33117,22.34,2787.7,74.73,15.87,47.42,37.3,53.5,44.7,0.3192,1538
33200,22.8,2974.3,74.85,20.25,57.58,49.0,53.1,44.7,0.32,1645
33283,22.04,2879.9,74.53,16.53,48.73,39.7,53.3,44.7,0.3208,1597
33366,21.94,2908.4,74.95,17.71,52.65,46.2,53.9,44.2,0.3216,1617
33449,21.21,2706.6,75.04,18.97,54.52,48.3,54.8,44.9,0.3224,1508
33532,21.28,2690.0,75.55,15.88,50.05,39.4,53.9,44.6,0.3232,1503
33615,20.85,2741.8,75.02,15.68,46.65,36.7,53.6,44.2,0.324,1536
33698,21.94,2851.4,75.28,18.08,51.26,44.5,53.3,44.8,0.3248,1601
33781,22.15,2889.8,74.72,20.48,55.66,49.5,53.1,44.6,0.3256,1627
33864,21.91,2762.1,75.61,18.94,53.43,47.2,54.6,44.7,0.3264,1558
33947,21.13,2728.2,75.73,16.63,49.82,44.2,53.7,45.2,0.3272,1543
34030,21.16,2784.1,75.41,18.32,54.42,47.6,53.6,44.9,0.328,1579
34113,21.17,2797.9,74.53,17.1,50.27,43.9,54.7,45.0,0.3288,1590
34196,21.32,2797.0,75.21,15.62,46.73,37.4,54.1,44.7,0.3296,1594
34279,20.39,2579.9,75.54,18.54,53.11,46.2,54.0,45.4,0.3304,1473
34362,21.32,2845.4,75.06,18.21,53.0,43.4,53.7,44.2,0.3312,1629
34445,21.49,2784.0,75.48,18.65,53.56,46.9,53.8,45.4,0.332,1598
34528,21.04,2805.3,74.82,19.83,53.15,49.0,54.4,44.6,0.3328,1614
34611,21.1,2788.9,75.3,20.0,58.07,53.1,53.9,44.8,0.3336,1608
34694,21.66,2709.5,75.22,19.03,55.64,49.4,55.2,45.3,0.3344,1566
34777,20.38,2659.9,75.52,20.27,58.22,48.0,54.5,45.3,0.3352,1541
34860,20.43,2644.8,74.39,19.68,53.4,55.4,54.7,44.8,0.336,1536
34943,19.92,2665.2,75.06,18.23,54.2,47.3,54.1,45.1,0.3368,1552
35026,20.14,2551.8,75.22,16.98,51.39,42.1,55.0,45.5,0.3376,1489
35109,20.82,2769.7,75.48,20.14,56.74,51.0,54.5,45.3,0.3384,1620
35192,20.13,2677.1,75.34,17.97,53.17,47.2,54.6,45.4,0.3392,1570
35275,20.98,2725.8,74.62,20.23,54.17,48.5,54.4,45.1,0.34,1602
35358,20.41,2684.8,74.52,19.93,55.91,50.5,55.8,45.2,0.3408,1582
35441,20.35,2670.2,75.54,18.97,55.22,50.9,54.4,45.7,0.3416,1577
35524,20.39,2698.5,75.51,18.95,56.85,48.3,55.0,44.9,0.3424,1597
35607,19.97,2611.5,74.34,19.01,53.36,49.4,55.0,45.3,0.3432,1549
35690,19.08,2544.9,74.35,16.76,51.16,44.2,55.1,46.0,0.344,1513
35773,19.93,2619.0,74.65,20.35,57.03,48.0,54.9,45.7,0.3448,1561
35856,19.44,1587.0,74.49,26.76,58.74,67.8,54.7,45.4,0.3456,948
35939,19.49,2530.0,74.45,19.4,57.12,45.4,54.4,45.3,0.3464,1515
36022,19.93,2580.3,74.98,17.31,49.97,45.7,55.2,45.5,0.3472,1549
36105,19.62,2528.9,74.22,15.98,51.98,37.8,55.5,45.7,0.348,1521
36188,19.6,2629.1,74.18,19.19,55.49,46.5,55.0,45.7,0.3488,1585
36271,19.06,2490.5,74.84,20.72,58.97,54.0,55.1,45.3,0.3496,1505
36354,19.27,2463.0,75.25,17.66,50.4,45.8,55.3,45.6,0.3504,1492
36437,18.92,2516.6,74.49,19.63,57.01,51.3,55.2,46.1,0.3512,1528
36520,19.2,2481.3,75.32,20.26,55.39,48.1,54.9,45.3,0.352,1510
36603,18.85,2445.5,74.25,18.83,53.42,48.9,55.6,45.0,0.3528,1491
36686,18.54,2469.3,74.32,19.95,56.62,51.9,55.7,45.7,0.3536,1509
36769,18.4,2367.1,73.96,18.1,53.68,46.6,55.4,45.3,0.3544,1450
36852,18.83,2479.7,73.95,19.05,57.03,47.9,54.8,45.4,0.3552,1523
36935,17.58,2324.3,74.53,21.95,57.6,56.3,55.5,45.6,0.356,1430
37018,17.43,2260.6,75.04,17.13,50.7,44.2,55.6,45.4,0.3568,1394
37101,17.76,2259.8,73.83,20.39,54.91,49.3,55.2,46.7,0.3576,1397
37184,18.6,2407.8,75.08,18.5,51.02,46.2,55.1,45.8,0.3584,1492
37267,17.33,2224.6,74.32,17.2,48.17,45.7,55.4,46.2,0.3592,1381
37350,17.47,2146.6,74.27,20.21,58.43,49.9,55.2,46.2,0.36,1336
37433,18.16,2296.7,74.23,18.26,55.48,47.3,55.7,45.8,0.3608,1432
37516,18.25,2298.1,74.44,19.9,56.65,49.1,55.3,46.1,0.3616,1436
37599,17.51,2267.9,73.95,19.78,57.2,47.9,55.6,46.0,0.3624,1421
37682,17.74,2284.5,73.89,17.51,54.58,43.6,55.1,46.2,0.3632,1434
37765,18.28,2388.8,74.18,19.12,52.6,46.9,56.7,45.9,0.364,1503
37848,17.3,2307.9,75.14,20.33,54.91,51.6,54.9,46.5,0.3648,1455
37931,16.64,2143.1,74.01,16.72,50.76,41.0,55.9,45.5,0.3656,1354
38014,17.26,2274.1,74.11,19.92,55.61,47.9,55.8,45.9,0.3664,1440
38097,17.47,2316.2,74.73,19.61,57.76,51.8,56.0,46.4,0.3672,1470
38180,17.11,2238.3,73.7,17.25,51.53,40.5,55.9,46.0,0.368,1424
38263,17.62,2276.6,74.81,20.72,56.73,52.8,55.5,46.5,0.3688,1451
38346,17.23,2259.6,74.75,19.34,53.37,49.0,56.6,45.4,0.3696,1444
38429,16.66,2228.1,75.04,16.08,47.16,38.3,56.5,46.2,0.3704,1427
38512,16.1,2005.5,74.02,19.74,51.8,51.2,55.9,46.2,0.3712,1287
38595,16.66,2245.2,74.46,18.37,51.68,43.9,56.9,46.6,0.372,1444
38678,16.83,2244.4,73.59,22.14,58.3,55.1,56.1,46.9,0.3728,1446
38761,16.82,2201.0,74.36,17.8,48.59,46.0,55.8,45.7,0.3736,1421
38844,16.59,2085.1,73.57,18.59,54.43,44.7,56.3,46.6,0.3744,1349
38927,16.48,2160.3,74.1,17.84,50.72,46.1,55.8,46.9,0.3752,1401
39010,16.26,2117.9,73.94,17.3,50.15,40.8,55.8,46.2,0.376,1376
39093,15.93,2173.7,74.78,20.21,57.31,48.9,56.9,46.9,0.3768,1416
39176,15.79,2072.3,73.93,17.85,50.55,45.9,56.7,46.8,0.3776,1353
39259,15.6,2055.2,73.89,20.02,53.72,48.2,56.3,46.4,0.3784,1344
39342,16.48,2122.8,74.06,19.05,54.27,45.6,56.2,47.0,0.3792,1391
39425,15.8,2053.5,74.36,15.64,47.49,40.6,56.2,46.8,0.38,1349
39508,15.97,2169.7,74.57,20.95,56.14,54.7,55.9,47.7,0.3808,1428
39591,15.22,1917.5,74.41,19.48,54.72,49.1,56.5,46.5,0.3816,1265
39674,15.57,2046.6,73.85,20.64,57.09,53.0,56.4,46.5,0.3824,1353
39757,15.76,2025.6,73.97,19.62,57.36,50.4,56.6,46.9,0.3832,1342
39840,15.51,2051.9,73.69,17.48,48.24,90.5,57.2,46.7,0.384,1362
39923,15.51,1994.7,74.52,18.75,57.0,44.5,56.8,46.8,0.3848,1327
40006,15.04,1945.5,73.44,19.18,54.38,50.3,56.8,47.4,0.3856,1297
40089,15.36,1941.9,73.4,18.47,55.48,45.4,57.2,47.0,0.3864,1297
40172,15.24,1933.9,74.41,17.54,53.79,43.3,57.3,46.8,0.3872,1294
40255,15.07,1885.5,73.45,18.92,52.95,44.7,57.1,47.4,0.388,1264
40338,14.78,1931.6,73.29,15.26,48.66,38.0,56.4,47.0,0.3888,1298
40421,15.15,1951.9,74.14,19.03,52.86,47.9,57.3,47.0,0.3896,1314
40504,14.42,1885.2,74.61,19.27,55.29,47.5,56.5,47.5,0.3904,1272
40587,14.11,1828.7,74.4,19.26,56.28,46.6,56.6,46.7,0.3912,1236
40670,14.31,1854.7,73.29,17.29,49.62,44.8,56.7,46.8,0.392,1257
40753,14.67,1880.1,74.39,19.31,52.26,49.6,57.2,47.5,0.3928,1277
40836,14.12,1896.1,74.44,19.94,52.82,49.4,56.7,47.1,0.3936,1290
40919,14.49,1933.5,74.57,20.9,56.83,52.9,57.5,47.7,0.3944,1318
41002,14.88,1949.9,74.51,18.62,51.77,49.2,57.1,47.3,0.3952,1332
41085,14.26,1840.0,74.15,17.34,47.39,44.5,58.1,47.4,0.396,1259
41168,14.57,1977.2,73.66,17.17,53.12,44.1,57.8,47.4,0.3968,1356
41251,14.77,1890.2,73.66,19.07,54.19,49.6,57.5,47.6,0.3976,1299
41334,14.35,1820.4,73.9,18.52,52.09,43.6,57.5,48.0,0.3984,1254
41417,14.14,1813.8,73.79,18.63,51.11,48.6,57.8,47.0,0.3992,1252
41500,13.99,1746.7,73.72,17.8,50.37,43.1,57.4,47.7,0.4,1208
41583,13.15,1660.4,73.37,18.83,53.54,44.0,57.7,47.7,0.4008,1150
41666,13.45,1753.8,73.18,18.89,49.39,46.1,57.7,47.5,0.4016,1217
41749,12.98,1665.0,74.44,16.74,49.79,39.3,57.4,47.9,0.4024,1158
41832,13.91,1868.3,74.06,17.63,52.26,43.0,57.8,47.5,0.4032,1302
41915,12.9,1601.7,73.7,17.81,52.88,46.4,57.6,48.0,0.404,1118
41998,13.08,1764.9,73.31,17.51,52.69,43.8,57.2,47.7,0.4048,1235
42081,13.12,1717.3,73.89,17.3,52.77,42.3,57.7,47.6,0.4056,1204
42164,13.31,1729.5,74.24,20.28,53.82,50.0,57.8,47.8,0.4064,1215
42247,13.36,1784.2,72.89,16.82,50.15,40.5,57.7,47.4,0.4072,1256
42330,13.82,1765.3,73.39,16.79,47.4,40.0,57.2,47.8,0.408,1245
42413,13.14,1660.0,73.99,16.54,46.97,41.8,57.9,47.9,0.4088,1173
42496,13.71,1924.2,73.15,17.12,47.08,40.7,57.7,47.9,0.4096,1362
42579,12.74,1690.8,73.06,18.14,50.02,44.4,58.3,47.9,0.4104,1199
42662,12.61,1618.7,72.9,15.97,46.43,39.1,58.1,48.2,0.4112,1150
42745,12.89,1760.4,72.84,17.33,46.55,40.8,57.5,47.8,0.412,1254
42828,13.17,1698.2,73.11,14.93,48.47,35.2,58.2,48.0,0.4128,1212
42911,12.54,1644.2,73.29,18.23,48.66,45.5,58.1,48.3,0.4136,1175
42994,12.98,1670.5,74.22,16.56,48.83,43.9,58.5,48.2,0.4144,1197
43077,12.3,1650.3,73.68,16.63,46.08,40.6,58.8,48.0,0.4152,1184
43160,12.76,1627.7,73.9,14.74,46.74,37.2,58.5,48.2,0.416,1170
43243,12.85,1683.5,72.8,16.36,48.27,38.3,57.7,47.9,0.4168,1213
43326,12.11,1569.9,73.45,14.88,44.33,41.4,58.2,48.5,0.4176,1133
43409,11.8,1645.3,73.73,16.28,46.0,43.3,59.0,48.5,0.4184,1190
43492,11.58,1513.6,73.39,15.75,42.85,41.9,59.4,48.2,0.4192,1097
43575,11.58,1502.4,73.81,15.4,45.78,37.6,58.2,48.2,0.42,1091
43658,11.65,1503.0,73.4,14.84,43.82,35.7,58.5,48.3,0.4208,1093
43741,11.49,1518.1,73.83,16.06,43.84,42.1,58.5,48.5,0.4216,1106
43824,11.75,1563.5,73.43,15.81,44.3,40.6,58.5,48.5,0.4224,1141
43907,11.48,1327.5,72.79,14.6,45.33,36.1,58.6,48.2,0.4232,971
43990,11.16,1426.4,73.45,15.38,44.69,39.3,58.2,48.3,0.424,1045
44073,11.25,1438.7,73.19,17.11,47.29,42.1,58.9,48.5,0.4248,1056
44156,12.19,1489.7,73.72,13.73,40.75,35.9,59.3,48.3,0.4256,1096
44239,11.9,1465.8,72.67,15.18,44.75,39.1,58.6,48.5,0.4264,1080
44322,11.72,1602.3,73.48,13.75,41.47,34.8,58.6,48.7,0.4272,1183
44405,11.53,1482.6,73.57,15.76,46.15,38.2,58.1,48.8,0.428,1097
44488,10.87,1463.9,72.51,14.96,41.99,40.6,58.9,48.3,0.4288,1085
44571,10.34,1338.3,73.69,15.01,42.22,38.0,59.2,48.4,0.4296,994
44654,11.48,1500.6,72.78,16.12,45.17,41.9,59.4,48.9,0.4304,1116
44737,10.79,1403.1,72.98,16.91,45.34,45.1,59.5,48.8,0.4312,1046
44820,11.17,1418.4,73.19,16.06,46.33,39.8,59.4,49.3,0.432,1059
44903,10.76,1428.8,72.94,15.43,46.01,36.6,58.5,48.8,0.4328,1069
44986,10.68,1430.9,73.06,14.31,43.21,34.7,59.3,48.9,0.4336,1072
45069,10.75,1436.2,73.34,12.68,36.52,31.8,60.0,48.6,0.4344,1078
45152,10.62,1382.2,73.19,14.92,41.02,39.2,59.2,48.6,0.4352,1040
45235,10.88,1391.1,72.72,14.25,42.44,36.9,59.2,49.3,0.436,1048
45318,10.59,1461.7,72.45,13.8,42.69,33.8,59.9,49.1,0.4368,1103
45401,10.1,1331.7,73.36,13.03,39.29,30.5,59.2,49.4,0.4376,1007
45484,10.45,1367.1,73.71,13.42,38.66,34.8,59.5,48.9,0.4384,1036
45567,9.72,1266.9,73.02,14.31,41.98,37.2,59.8,48.1,0.4392,962
45650,9.6,1267.6,73.25,13.79,44.09,37.7,59.6,49.4,0.44,964
45733,10.42,1388.4,72.51,15.98,45.11,39.1,59.5,48.9,0.4408,1058
45816,10.22,1274.5,72.61,15.14,42.71,38.2,59.0,49.5,0.4416,973
45899,10.04,1287.8,73.22,12.72,36.82,31.4,60.0,49.1,0.4424,985
45982,10.02,1374.0,73.39,14.17,43.45,35.6,59.7,49.1,0.4432,1053
46065,9.71,1282.0,73.5,14.28,40.71,35.4,60.3,49.4,0.444,984
46148,9.38,1229.3,73.1,14.19,39.83,37.8,59.9,50.2,0.4448,945
46231,9.27,1193.1,72.68,12.63,37.31,28.2,59.9,49.5,0.4456,919
46314,10.49,1353.0,72.49,12.8,38.88,33.1,60.3,49.3,0.4464,1044
46397,9.89,1332.3,72.96,12.06,35.43,33.1,59.8,49.6,0.4472,1030
46480,9.29,1274.1,73.19,12.61,40.46,30.8,59.7,49.6,0.448,986
46563,9.88,1280.5,73.58,13.42,39.77,32.1,59.8,49.5,0.4488,993
46646,9.97,1229.0,73.21,11.39,35.83,26.5,59.8,49.1,0.4496,955
46729,9.41,1158.5,73.07,12.01,35.02,29.3,59.7,49.5,0.4504,902
46812,9.53,1216.7,72.23,13.85,37.07,36.8,60.2,49.8,0.4512,949
46895,8.87,1075.9,73.14,11.52,35.0,30.8,60.8,49.9,0.452,840
46978,9.43,1282.0,72.18,14.76,40.18,39.3,60.2,49.9,0.4528,1003
47061,9.1,1129.0,72.26,13.49,38.61,34.3,60.4,49.7,0.4536,885
47144,10.15,1276.3,73.33,11.03,34.29,28.5,60.5,49.7,0.4544,1002
47227,9.7,1296.8,72.84,14.57,39.07,38.2,59.8,50.0,0.4552,1020
47310,8.66,1036.8,73.2,13.18,35.56,32.3,60.4,50.1,0.456,817
47393,9.02,1146.8,71.95,12.27,36.06,32.4,60.2,49.4,0.4568,905
47476,8.89,1087.8,72.58,13.51,34.82,35.2,60.1,50.1,0.4576,860
47559,8.81,1081.3,71.93,11.9,36.28,28.4,60.6,49.8,0.4584,857
47642,8.77,1174.2,72.11,13.71,38.59,33.7,60.0,49.5,0.4592,932
47725,8.64,1148.9,73.32,10.93,31.98,28.2,60.0,50.2,0.46,913
47808,8.83,1238.9,73.22,10.52,27.04,26.0,59.8,50.0,0.4608,987
47891,8.46,1135.2,72.48,10.73,28.08,25.3,60.2,50.4,0.4616,906
47974,8.5,1096.3,73.25,10.54,32.21,27.2,60.1,50.4,0.4624,876
48057,8.0,1050.5,72.41,13.93,35.86,35.1,60.3,50.2,0.4632,841
48140,9.03,1189.3,73.08,10.18,29.12,28.5,60.8,49.8,0.464,954
48223,8.76,1090.2,72.95,9.93,28.93,26.8,60.7,50.2,0.4648,876
48306,8.33,1075.6,72.67,12.27,33.67,30.8,60.4,50.4,0.4656,865
48389,8.78,1068.3,72.96,9.75,30.64,22.2,60.7,50.3,0.4664,861
48472,8.4,1048.5,71.85,12.46,33.79,29.5,60.9,50.0,0.4672,847
48555,8.78,1183.1,71.74,8.72,30.08,17.7,60.5,50.3,0.468,957
48638,8.95,1189.5,72.91,10.0,25.84,25.6,60.6,50.9,0.4688,964
48721,8.52,1198.1,71.96,10.46,26.39,26.4,61.2,50.5,0.4696,972
48804,8.42,1099.1,72.37,11.36,29.81,28.3,61.3,50.3,0.4704,894
48887,7.88,1021.3,72.29,9.64,27.9,23.6,61.1,50.5,0.4712,832
48970,8.19,997.0,73.07,9.69,27.92,23.0,61.1,50.6,0.472,813
49053,7.53,985.9,71.83,9.24,27.38,21.9,60.2,50.9,0.4728,806
49136,8.24,1096.8,71.82,8.87,25.62,20.0,61.0,50.5,0.4736,898
49219,7.88,1024.9,72.6,10.44,30.88,26.8,60.8,50.7,0.4744,840
49302,7.66,969.9,71.62,7.48,21.4,15.8,60.5,50.9,0.4752,796
49385,7.36,1018.9,72.65,10.53,27.27,29.8,61.0,50.4,0.476,838
49468,7.03,999.4,72.14,8.25,24.74,20.7,61.4,51.2,0.4768,823
49551,7.57,954.8,72.73,10.88,29.24,29.1,61.5,50.0,0.4776,788
49634,7.47,1043.4,72.24,13.24,32.16,34.2,61.2,51.2,0.4784,863
49717,7.29,920.8,71.59,10.6,28.8,27.7,61.8,50.3,0.4792,762
49800,7.69,896.9,72.38,28.37,22.25,74.6,60.8,50.6,0.48,744
49883,8.25,1098.0,71.84,8.8,26.51,21.0,61.1,50.6,0.4808,912
49966,7.59,1062.9,72.43,7.67,24.33,16.5,61.4,50.7,0.4816,885
50049,7.11,958.9,72.75,8.17,23.15,20.9,61.5,50.7,0.4824,799
50132,7.39,1012.3,71.83,10.85,31.29,31.3,61.9,51.4,0.4832,845
50215,7.33,908.9,72.24,9.37,26.74,25.5,62.2,50.9,0.484,760
50298,7.11,954.2,71.99,8.27,26.69,16.6,61.4,50.9,0.4848,799
50381,6.85,801.8,72.83,11.08,28.88,27.6,61.1,51.2,0.4856,673
50464,6.84,867.6,71.93,10.66,29.88,25.3,61.8,51.1,0.4864,729
50547,6.86,830.7,72.78,9.97,29.76,24.8,61.9,50.7,0.4872,699
50630,7.18,909.4,71.68,10.88,32.42,28.6,62.0,50.8,0.488,767
50713,7.25,876.5,72.53,8.48,25.9,21.6,61.4,50.4,0.4888,740
50796,7.33,876.1,72.63,11.5,31.23,27.2,62.2,50.6,0.4896,741
50879,7.58,863.2,72.24,8.99,28.53,24.8,62.3,50.9,0.4904,731
50962,6.95,879.3,71.49,12.14,31.43,28.8,62.0,51.1,0.4912,746
51045,6.61,841.2,72.58,10.34,28.62,28.5,61.9,51.5,0.492,715
51128,7.31,901.1,72.75,10.68,31.64,24.8,61.7,51.1,0.4928,767
51211,7.06,887.2,71.92,9.4,28.99,21.8,62.1,51.1,0.4936,757
51294,7.28,1005.5,72.67,10.72,33.32,27.7,61.7,51.3,0.4944,859
51377,6.84,862.6,71.71,10.21,31.87,23.6,61.5,51.0,0.4952,738
51460,7.07,968.3,71.83,11.21,32.44,27.4,62.5,51.2,0.496,830
51543,6.95,846.2,72.25,12.44,33.22,33.4,62.1,51.7,0.4968,726
51626,6.2,794.4,71.75,13.28,35.6,29.1,61.3,50.9,0.4976,683
51709,6.84,1023.8,72.22,9.47,28.61,22.6,60.9,51.2,0.4984,882
51792,6.62,882.1,71.8,9.75,28.25,23.1,62.3,51.0,0.4992,761
51875,6.33,825.1,72.59,11.18,32.74,27.2,62.7,51.0,0.5,713
51958,7.11,923.8,72.11,9.76,29.1,25.7,62.4,51.4,0.5008,800
52041,7.36,935.8,72.11,14.06,36.7,35.3,62.0,51.9,0.5016,811
52124,6.57,845.7,72.32,11.96,32.35,27.8,61.6,51.7,0.5024,734
52207,6.06,718.4,71.23,11.36,34.46,28.0,62.5,51.3,0.5032,625
52290,6.55,756.9,72.1,11.16,33.86,26.6,62.4,51.4,0.504,659
52373,5.9,803.0,71.08,11.43,32.76,29.1,63.1,51.6,0.5048,700
52456,6.82,832.5,71.94,9.57,29.91,23.9,62.0,51.6,0.5056,727
52539,6.61,808.5,72.15,11.07,36.97,29.1,62.7,51.9,0.5064,707
52622,7.02,969.7,71.32,12.93,38.24,34.6,62.7,51.5,0.5072,850
52705,6.46,912.4,71.69,11.8,33.5,28.4,63.2,51.4,0.508,801
52788,7.0,881.2,72.26,11.55,35.51,28.3,62.3,52.5,0.5088,775
52871,6.44,811.8,72.31,11.18,32.62,28.1,62.2,51.8,0.5096,715
52954,6.2,866.3,71.96,13.1,38.68,33.3,63.1,51.7,0.5104,764
53037,6.77,900.9,72.0,14.43,38.06,36.4,62.6,51.9,0.5112,796
53120,6.15,834.9,72.19,12.15,36.51,30.4,63.0,51.7,0.512,739
53203,6.1,768.1,71.68,13.14,38.04,32.0,63.3,52.0,0.5128,681
53286,6.55,912.2,71.48,13.0,40.17,31.2,62.7,52.2,0.5136,810
53369,5.72,714.4,70.89,12.21,34.8,28.3,63.5,52.4,0.5144,635
53452,6.67,840.4,71.66,11.6,36.45,27.6,63.1,52.1,0.5152,748
53535,7.05,834.1,71.74,11.59,34.18,26.2,63.3,51.5,0.516,744
53618,6.15,803.1,71.6,13.63,36.91,35.7,63.7,52.0,0.5168,717
53701,6.1,866.8,71.1,14.35,42.51,38.4,63.3,51.8,0.5176,775
53784,5.88,794.2,71.35,10.46,31.72,24.8,63.4,52.3,0.5184,711
53867,5.7,753.1,71.08,12.24,36.59,30.2,63.2,52.1,0.5192,676
53950,6.66,837.8,71.52,12.53,37.2,27.8,63.0,52.6,0.52,753
54033,7.06,939.8,71.01,14.41,40.88,34.1,62.7,52.3,0.5208,846
54116,6.78,930.5,70.89,14.77,44.04,38.0,63.4,52.5,0.5216,839
54199,6.54,799.4,71.91,14.87,43.32,35.6,62.6,52.0,0.5224,722
54282,5.81,867.7,71.54,15.25,43.81,38.4,63.5,52.7,0.5232,785
54365,6.08,819.7,71.62,14.85,43.14,36.9,63.3,51.8,0.524,742
54448,5.6,805.1,70.86,15.95,42.03,38.5,63.7,52.2,0.5248,730
54531,6.36,755.8,71.43,14.52,40.63,38.1,64.2,52.2,0.5256,686
54614,6.87,1035.2,71.12,15.24,42.89,41.3,63.7,52.2,0.5264,942
54697,6.11,815.4,71.15,14.04,42.3,36.2,63.8,52.1,0.5272,743
54780,5.84,773.5,71.34,13.55,39.53,89.4,63.9,52.0,0.528,706
54863,5.69,745.0,71.47,15.51,46.42,38.2,64.2,52.5,0.5288,681
54946,5.99,755.8,71.35,14.47,42.53,35.5,62.6,53.1,0.5296,692
55029,5.97,756.5,70.72,16.05,43.65,41.3,63.7,51.9,0.5304,693
55112,6.54,883.0,70.84,15.38,43.26,36.5,64.4,52.3,0.5312,811
55195,6.12,716.1,71.39,17.07,44.82,41.8,63.8,52.8,0.532,658
55278,6.61,820.9,70.92,14.99,43.14,36.3,63.9,53.6,0.5328,756
55361,6.41,858.2,71.56,14.98,40.45,38.6,64.1,52.6,0.5336,791
55444,6.23,840.3,70.69,16.15,46.06,41.6,64.5,53.0,0.5344,776
55527,6.36,841.2,70.91,13.5,42.66,34.1,64.3,52.6,0.5352,778
55610,6.2,820.2,70.55,17.24,47.06,46.5,64.0,52.9,0.536,760
55693,6.43,814.1,70.83,14.66,43.74,39.0,64.1,52.7,0.5368,755
55776,6.2,850.1,71.47,14.56,45.42,34.5,64.1,52.8,0.5376,790
55859,5.56,785.3,71.89,18.48,50.56,45.2,63.7,52.2,0.5384,731
55942,5.95,760.7,70.51,12.87,41.11,28.1,64.6,53.1,0.5392,709
56025,5.72,741.1,70.89,15.58,47.57,41.1,64.2,52.5,0.54,691
56108,5.78,733.6,71.35,15.54,45.74,36.0,64.1,53.1,0.5408,685
56191,5.95,792.3,71.18,16.74,47.46,43.4,64.4,53.1,0.5416,741
56274,6.79,947.7,70.85,16.04,50.63,38.1,63.9,53.5,0.5424,888
56357,6.54,900.8,70.47,15.68,50.28,37.1,64.9,52.8,0.5432,846
56440,6.0,835.8,70.4,13.64,42.93,33.7,64.9,53.6,0.544,786
56523,5.62,717.3,71.67,17.32,49.1,41.4,64.4,53.3,0.5448,675
56606,6.32,810.3,71.11,14.38,40.83,35.0,64.4,53.1,0.5456,764
56689,6.03,788.0,70.79,17.12,45.82,41.1,64.7,53.3,0.5464,744
56772,5.75,731.0,71.07,17.04,49.47,39.6,63.9,53.2,0.5472,691
56855,5.76,715.2,70.86,12.86,42.13,31.7,64.2,53.3,0.548,677
56938,6.42,762.7,70.53,16.88,48.27,45.7,64.5,53.0,0.5488,723
57021,6.1,836.3,70.67,15.74,47.58,41.0,64.9,53.3,0.5496,794
57104,5.05,629.6,71.56,15.72,43.94,38.6,64.6,53.7,0.5504,599
57187,6.15,827.9,70.32,18.18,53.4,44.1,65.3,53.7,0.5512,789
57270,6.05,758.6,71.36,15.93,48.51,39.1,64.8,53.2,0.552,724
57353,5.99,685.8,70.96,17.11,48.25,42.8,65.5,53.7,0.5528,655
57436,6.28,822.8,70.41,16.03,47.99,38.3,64.2,53.8,0.5536,787
57519,6.52,859.6,71.39,16.79,49.44,40.1,65.1,53.5,0.5544,824
57602,6.04,760.2,71.33,18.56,52.43,47.0,64.6,53.8,0.5552,729
57685,6.59,866.1,70.83,17.27,48.86,41.8,65.2,53.3,0.556,832
57768,6.56,720.9,70.54,18.28,46.65,44.7,65.0,53.9,0.5568,694
57851,5.53,725.3,71.04,16.59,46.49,42.2,64.6,53.9,0.5576,699
57934,5.75,729.6,70.14,18.29,51.99,47.3,64.7,53.7,0.5584,704
58017,6.1,787.1,71.25,18.78,50.85,48.5,65.5,53.5,0.5592,761
58100,6.43,754.8,70.46,19.35,52.15,46.3,65.2,54.2,0.56,730
58183,5.99,809.2,70.74,19.12,51.58,46.9,65.3,53.5,0.5608,784
58266,6.51,846.8,71.29,17.42,49.97,41.4,65.8,53.6,0.5616,822
58349,6.16,810.0,71.04,16.97,47.07,45.8,64.9,53.1,0.5624,787
58432,6.0,784.9,70.43,19.82,55.75,49.1,65.8,53.6,0.5632,764
58515,6.89,896.0,70.31,18.24,50.84,45.0,65.5,53.6,0.564,873
58598,6.91,969.5,70.33,16.99,49.65,43.4,66.0,53.7,0.5648,946
58681,6.92,888.6,70.29,19.16,53.22,46.5,65.6,54.3,0.5656,869
58764,5.48,722.7,71.16,18.9,55.12,46.4,65.7,53.9,0.5664,707
58847,5.78,784.7,71.17,18.09,51.97,44.6,66.1,54.5,0.5672,769
58930,6.12,803.4,70.83,18.71,55.49,47.5,65.1,53.9,0.568,789
59013,6.22,905.1,71.21,18.58,51.43,44.6,66.2,54.1,0.5688,890
59096,6.57,819.1,70.22,17.76,52.46,43.2,66.2,54.5,0.5696,806
59179,6.08,829.5,71.3,19.8,55.93,49.4,65.1,54.3,0.5704,818
59262,6.92,912.9,70.57,17.67,54.55,42.8,65.9,54.2,0.5712,901
59345,6.44,823.5,71.08,15.67,45.71,41.9,66.2,54.4,0.572,814
59428,6.28,889.5,69.97,18.41,53.11,42.7,66.0,54.5,0.5728,880
59511,6.22,820.8,70.55,16.59,50.43,38.5,66.6,54.6,0.5736,814
59594,6.49,854.3,70.59,20.27,52.43,47.2,65.7,54.4,0.5744,848
59677,6.4,892.0,71.13,18.66,50.1,45.7,66.1,54.3,0.5752,887
59760,6.22,860.3,70.65,26.63,55.27,66.2,65.7,54.6,0.576,856
59843,6.58,898.4,69.78,17.78,55.87,42.0,66.2,54.9,0.5768,896
59926,6.7,916.8,70.77,17.86,52.69,46.3,66.2,54.1,0.5776,915
60009,6.71,928.7,70.14,19.33,57.1,48.0,65.6,54.1,0.5784,928
60092,7.38,928.8,69.73,21.57,59.69,53.1,66.2,54.7,0.5792,930
60175,6.53,871.6,70.71,18.45,53.59,43.9,66.5,54.3,0.58,874
60258,6.52,817.8,69.66,18.27,52.51,44.4,66.6,54.4,0.5808,821
60341,6.52,941.1,70.75,20.86,56.48,51.2,66.0,54.8,0.5816,946
60424,6.6,822.2,70.19,16.86,52.32,40.5,66.4,55.0,0.5824,828
60507,7.36,975.5,70.34,21.06,56.33,52.0,66.7,54.8,0.5832,983
60590,6.64,871.7,69.66,18.18,53.76,49.2,66.3,54.6,0.584,880
60673,6.35,846.6,70.97,19.51,56.23,49.7,66.4,54.9,0.5848,856
60756,6.84,884.0,70.54,19.14,52.86,46.7,66.4,54.6,0.5856,895
60839,7.82,968.5,70.79,19.1,56.52,48.2,67.2,54.8,0.5864,982
60922,7.36,949.7,69.93,18.35,52.13,51.2,66.2,54.7,0.5872,964
61005,6.94,801.8,70.31,17.72,52.03,41.3,66.8,54.8,0.588,815
61088,6.75,863.5,70.36,19.02,56.44,48.1,66.7,54.6,0.5888,879
61171,6.7,890.9,70.53,22.56,61.64,56.8,66.1,55.1,0.5896,908
61254,7.55,1012.8,70.64,19.57,53.07,53.0,66.4,54.9,0.5904,1034
61337,7.35,984.8,70.36,18.22,52.51,47.4,67.5,54.9,0.5912,1006
61420,7.76,1051.6,70.23,21.02,60.24,51.7,67.5,55.3,0.592,1076
61503,7.17,954.4,70.0,19.32,53.87,49.0,66.0,55.1,0.5928,978
61586,7.44,965.2,69.43,18.89,54.94,43.5,67.3,54.8,0.5936,990
61669,7.59,965.7,70.65,17.82,50.04,46.4,66.8,55.1,0.5944,992
61752,7.72,918.8,70.38,17.81,51.82,44.7,66.9,55.1,0.5952,945
61835,8.4,1120.7,69.84,18.86,52.03,45.9,66.4,55.2,0.596,1155
61918,7.45,993.8,70.39,19.62,56.09,49.0,66.5,54.7,0.5968,1025
62001,7.16,891.6,69.75,19.09,52.53,49.4,66.4,55.0,0.5976,921
62084,7.6,1002.5,70.3,19.36,56.16,49.2,67.4,54.7,0.5984,1037
62167,7.99,1013.6,69.97,20.82,56.95,51.1,67.2,55.1,0.5992,1050
62250,8.16,1107.8,69.93,19.54,58.91,48.2,66.9,55.2,0.6,1149
62333,7.09,975.8,69.5,21.0,57.24,52.7,66.9,55.6,0.6008,1013
62416,7.22,1031.3,70.57,20.13,56.19,51.9,68.0,55.0,0.6016,1072
62499,7.24,880.6,69.88,19.05,54.39,46.6,67.1,55.5,0.6024,917
62582,8.16,957.8,69.97,19.57,53.9,50.6,66.6,55.0,0.6032,999
62665,7.43,923.2,70.63,20.84,58.91,50.8,67.5,55.4,0.604,964
62748,7.9,1052.4,70.46,21.23,58.99,53.2,67.2,55.6,0.6048,1100
62831,7.25,965.3,69.46,19.08,55.3,47.6,67.7,55.7,0.6056,1010
62914,8.5,1135.2,69.5,17.93,56.26,46.0,68.3,55.7,0.6064,1190
62997,8.35,1166.4,69.2,21.0,58.0,51.9,67.8,55.9,0.6072,1224
63080,8.01,1004.6,69.74,20.93,58.04,53.7,67.6,55.7,0.608,1056
63163,8.4,1142.9,69.12,18.88,52.64,48.0,67.0,55.7,0.6088,1203
63246,7.79,1062.3,69.91,19.67,56.59,48.0,67.9,55.8,0.6096,1119
63329,8.47,1211.3,70.37,21.46,60.37,54.3,67.7,55.3,0.6104,1278
63412,8.13,1052.5,70.05,20.21,56.51,49.1,67.5,56.1,0.6112,1112
63495,8.23,1030.5,69.24,18.95,53.8,48.1,68.0,55.5,0.612,1090
63578,8.23,1041.9,69.01,18.63,53.17,43.9,68.0,56.0,0.6128,1104
63661,8.5,1051.4,70.34,21.87,56.87,52.2,68.8,56.2,0.6136,1115
63744,8.16,1117.5,68.99,21.56,58.57,53.7,67.5,55.8,0.6144,1187
63827,7.98,1024.5,69.5,20.14,59.65,51.7,67.6,55.7,0.6152,1089
63910,8.22,1072.8,69.3,20.02,56.12,47.2,68.0,56.0,0.616,1142
63993,8.73,1153.0,69.42,19.9,54.65,49.4,67.9,55.8,0.6168,1229
64076,8.52,1091.8,70.31,17.62,54.26,44.4,67.8,55.8,0.6176,1165
64159,8.31,1076.3,69.12,18.02,56.88,43.6,68.5,56.1,0.6184,1150
64242,9.09,1157.0,69.92,18.71,51.68,49.3,68.2,56.2,0.6192,1238
64325,8.55,1095.1,70.17,17.52,50.62,41.5,68.6,56.4,0.62,1174
64408,8.54,1045.4,69.5,17.06,48.07,40.7,68.2,55.3,0.6208,1122
64491,8.95,1129.1,68.88,18.09,51.93,45.7,68.9,56.3,0.6216,1213
64574,8.59,1183.3,70.29,19.09,55.85,49.2,68.5,56.0,0.6224,1273
64657,9.32,1191.3,69.34,16.63,51.71,39.2,68.6,56.3,0.6232,1283
64740,9.04,1183.8,69.81,17.09,47.73,38.8,68.0,56.2,0.624,1277
64823,9.75,1143.7,69.72,16.29,48.84,42.4,68.4,56.2,0.6248,1235
64906,9.03,1133.7,69.52,18.03,53.59,43.6,68.2,56.0,0.6256,1226
64989,9.44,1277.2,68.99,16.48,48.91,40.8,69.7,56.7,0.6264,1383
65072,9.08,1200.6,69.13,21.13,57.96,54.3,68.7,56.9,0.6272,1302
65155,9.66,1222.3,69.03,18.27,53.33,44.3,68.7,56.1,0.628,1327
65238,9.17,1183.5,69.61,17.08,50.56,42.8,68.3,56.9,0.6288,1286
65321,9.56,1285.2,69.88,18.71,49.79,46.0,67.7,56.6,0.6296,1399
65404,9.0,1156.4,69.03,17.61,49.11,42.3,68.3,56.4,0.6304,1260
65487,9.77,1315.2,69.71,19.04,56.23,48.3,68.8,56.5,0.6312,1435
65570,9.78,1321.1,68.91,17.36,51.0,41.8,68.5,56.7,0.632,1443
65653,9.9,1289.0,69.44,19.47,57.9,47.9,68.7,56.5,0.6328,1410
65736,9.9,1310.1,69.73,17.65,53.6,45.9,69.5,57.0,0.6336,1435
65819,9.74,1364.8,69.98,17.17,52.75,40.5,69.2,56.5,0.6344,1497
65902,9.53,1293.7,69.95,19.29,56.38,48.8,69.0,56.6,0.6352,1420
65985,9.04,1082.8,68.65,18.39,50.95,45.3,69.1,56.6,0.636,1190
66068,10.55,1435.1,69.57,16.75,49.01,41.9,68.7,56.6,0.6368,1580
66151,10.2,1385.9,69.39,20.45,58.52,53.8,68.6,56.8,0.6376,1528
66234,10.49,1349.9,69.39,14.97,48.13,40.8,68.4,56.5,0.6384,1490
66317,10.7,1395.9,68.56,16.49,50.58,38.9,68.6,56.3,0.6392,1542
66400,10.03,1221.7,69.64,16.77,48.54,43.7,69.0,56.9,0.64,1352
66483,10.16,1387.3,69.4,16.92,46.43,41.2,69.5,56.9,0.6408,1537
66566,11.04,1485.6,69.62,19.9,52.21,52.2,68.9,57.3,0.6416,1648
66649,10.01,1290.6,68.66,18.67,50.93,42.4,68.8,57.0,0.6424,1433
66732,10.89,1349.0,68.62,17.1,52.72,42.0,68.8,56.8,0.6432,1500
66815,11.05,1467.9,69.25,16.23,45.64,40.7,69.0,56.7,0.644,1634
66898,10.73,1369.2,69.31,16.36,48.19,41.9,69.5,56.3,0.6448,1526
66981,10.64,1423.9,68.62,15.32,45.36,35.0,69.2,57.4,0.6456,1589
67064,10.78,1363.1,68.85,16.97,52.13,43.1,69.8,57.4,0.6464,1523
67147,11.62,1608.7,69.53,18.28,47.33,44.3,69.1,56.8,0.6472,1800
67230,11.85,1465.6,69.55,16.59,48.72,39.8,69.7,57.2,0.648,1642
67313,11.19,1372.4,69.66,18.89,54.45,45.1,69.9,57.1,0.6488,1539
67396,10.99,1406.4,68.75,19.36,51.07,48.7,69.3,57.1,0.6496,1579
67479,11.16,1492.6,68.31,15.68,45.52,42.2,69.3,57.4,0.6504,1678
67562,11.42,1517.7,69.4,14.11,43.68,33.2,70.1,57.3,0.6512,1708
67645,11.3,1499.2,68.74,17.11,50.28,39.9,69.5,56.9,0.652,1690
67728,11.35,1498.2,69.67,16.97,47.02,48.1,69.0,58.1,0.6528,1691
67811,11.04,1367.5,69.68,15.73,45.03,42.1,69.6,57.7,0.6536,1545
67894,10.78,1496.1,68.89,15.68,45.67,34.6,69.8,57.6,0.6544,1692
67977,11.42,1459.7,69.5,17.98,50.87,45.4,70.4,57.9,0.6552,1653
68060,11.98,1485.7,68.31,17.71,46.03,41.7,69.4,57.5,0.656,1685
68143,12.06,1601.5,68.19,15.95,45.45,38.7,70.3,57.2,0.6568,1818
68226,11.82,1521.2,69.45,16.65,46.97,41.4,70.6,56.7,0.6576,1729
68309,12.36,1620.2,69.12,15.96,46.27,37.7,69.2,57.6,0.6584,1844
68392,12.07,1549.4,69.5,16.33,47.71,42.0,70.5,57.5,0.6592,1766
68475,12.83,1611.5,68.17,14.44,44.18,35.7,69.9,57.7,0.66,1839
68558,12.14,1503.7,68.28,17.86,50.47,43.8,69.8,57.1,0.6608,1718
68641,11.62,1525.2,69.47,16.07,44.28,37.6,69.2,57.9,0.6616,1744
68724,12.18,1580.8,68.13,12.87,41.44,30.7,70.8,57.7,0.6624,1810
68807,11.29,1436.8,69.49,15.11,44.44,36.4,70.4,57.8,0.6632,1647
68890,12.74,1641.7,68.95,18.83,48.47,47.6,70.1,57.9,0.664,1884
68973,12.25,1600.0,68.41,14.62,42.42,35.7,69.9,57.9,0.6648,1839
69056,12.63,1602.1,68.49,17.54,47.62,45.0,69.9,57.3,0.6656,1843
69139,12.64,1580.0,68.87,15.79,44.93,35.8,70.1,57.7,0.6664,1820
69222,12.56,1639.5,68.98,14.84,42.04,36.7,70.2,57.5,0.6672,1891
69305,12.76,1617.4,68.82,15.98,43.5,38.7,70.6,58.1,0.668,1868
69388,13.44,1692.8,68.68,15.42,43.37,39.1,70.6,58.3,0.6688,1957
69471,13.15,1771.0,68.59,16.04,45.86,41.6,71.0,58.2,0.6696,2050
69554,13.41,1791.7,69.16,16.26,44.38,44.2,71.0,58.0,0.6704,2077
69637,13.55,1690.1,68.48,15.25,44.13,43.3,70.8,58.0,0.6712,1961
69720,13.38,1815.8,68.49,14.99,43.62,37.3,70.7,58.3,0.672,2109
69803,13.36,1660.9,68.08,16.12,43.04,39.7,70.2,58.2,0.6728,1932
69886,13.65,1766.3,68.36,13.61,41.02,33.7,70.9,58.3,0.6736,2057
69969,13.37,1869.8,68.07,15.22,42.66,40.9,70.5,58.0,0.6744,2180
70052,12.93,1618.1,69.05,15.04,40.55,37.2,70.8,58.3,0.6752,1889
70135,13.7,1743.6,68.62,12.56,33.95,29.3,71.0,58.7,0.676,2038
70218,13.65,1760.2,69.3,12.32,37.84,34.7,70.8,58.3,0.6768,2059
70301,13.12,1667.0,68.56,12.93,39.98,32.5,70.5,58.1,0.6776,1953
70384,13.93,1757.7,68.21,12.96,37.45,32.1,71.1,58.6,0.6784,2061
70467,13.56,1704.9,67.86,13.59,40.86,36.5,71.3,58.4,0.6792,2002
70550,14.03,1866.3,68.9,16.16,41.24,38.9,71.5,58.7,0.68,2194
70633,13.49,1781.4,68.17,16.01,41.56,39.1,70.8,58.0,0.6808,2097
70716,14.26,1767.6,67.95,12.74,37.69,31.8,70.5,58.6,0.6816,2083
70799,14.33,1844.3,68.58,14.09,38.32,35.2,71.2,58.6,0.6824,2176
70882,15.03,1965.9,68.65,15.94,41.96,40.3,71.1,58.9,0.6832,2322
70965,14.46,1860.7,68.84,13.12,37.6,34.6,71.2,58.7,0.684,2200
71048,14.6,1870.4,68.93,12.06,37.01,28.6,70.7,58.9,0.6848,2214
71131,14.26,1761.3,68.98,14.72,39.59,38.5,71.5,57.9,0.6856,2088
71214,14.58,1882.8,68.97,10.59,33.62,27.5,71.2,58.6,0.6864,2234
71297,15.03,1872.6,68.97,12.62,37.31,30.1,71.9,59.2,0.6872,2225
71380,14.31,1879.3,67.95,14.53,37.36,35.0,71.8,59.0,0.688,2235
71463,14.97,1947.5,68.09,12.7,34.08,34.5,71.2,58.9,0.6888,2319
71546,14.99,1899.2,68.46,11.23,30.95,28.6,71.2,59.0,0.6896,2264
71629,14.98,2037.3,67.64,13.44,36.67,34.5,71.8,58.8,0.6904,2432
71712,15.64,2065.1,68.05,9.85,31.96,27.3,71.8,58.8,0.6912,2468
71795,14.52,1846.7,68.42,11.98,35.44,27.6,71.4,59.4,0.692,2209
71878,15.22,1975.3,68.59,9.77,28.81,23.8,71.3,59.0,0.6928,2366
71961,15.74,2063.7,67.95,11.89,30.93,27.5,71.5,59.1,0.6936,2475
72044,15.31,2002.9,68.48,10.64,34.1,31.0,72.6,59.0,0.6944,2404
72127,15.6,1969.9,67.83,11.79,33.4,29.9,71.9,58.7,0.6952,2368
72210,15.54,2106.7,67.86,12.47,35.72,33.0,72.0,58.9,0.696,2535
72293,15.32,2060.8,68.75,11.95,35.26,33.0,70.8,59.3,0.6968,2483
72376,16.08,1949.1,68.07,12.25,36.99,28.0,71.8,59.0,0.6976,2351
72459,16.02,2099.2,67.9,9.84,28.73,22.2,72.0,59.4,0.6984,2535
72542,15.19,1928.3,68.35,13.65,36.93,34.5,71.8,59.8,0.6992,2331
72625,16.24,2056.8,68.32,10.59,33.25,26.0,71.6,59.2,0.7,2489
72708,15.96,2133.1,68.22,9.78,26.01,19.1,72.1,59.3,0.7008,2584
72791,15.88,2119.6,68.65,11.99,35.54,26.1,72.3,59.4,0.7016,2571
72874,15.51,2030.2,67.41,10.83,26.82,25.4,71.9,59.6,0.7024,2465
72957,16.61,2186.7,68.26,11.87,31.98,29.6,71.5,59.4,0.7032,2658
73040,16.66,2218.4,68.73,11.63,36.19,29.9,72.9,59.2,0.704,2700
73123,16.43,2076.8,68.16,11.63,35.87,27.9,72.8,59.1,0.7048,2531
73206,15.87,2074.9,67.86,9.87,30.89,22.5,72.4,58.9,0.7056,2531
73289,16.83,2147.3,67.76,11.8,35.1,30.3,71.9,59.7,0.7064,2622
73372,17.47,2244.3,67.64,7.95,26.34,19.2,71.9,59.6,0.7072,2744
73455,16.14,2075.0,67.89,10.58,29.12,29.1,72.3,59.5,0.708,2540
73538,16.59,2143.5,68.0,10.46,30.59,27.3,72.4,60.1,0.7088,2627
73621,17.0,2211.8,67.36,10.45,33.76,27.4,72.2,59.4,0.7096,2713
73704,17.76,2336.6,68.65,9.38,25.89,24.6,72.3,59.6,0.7104,2870
73787,17.28,2270.6,68.45,10.32,29.51,26.7,72.4,59.9,0.7112,2792
73870,17.43,2326.4,68.16,10.25,29.16,24.3,72.8,59.5,0.712,2864
73953,17.43,2199.5,68.45,11.52,31.79,32.0,72.3,59.5,0.7128,2710
74036,17.34,2204.4,68.45,11.05,30.62,25.7,72.9,59.6,0.7136,2720
74119,17.57,2314.5,67.16,8.7,25.64,20.4,72.1,59.6,0.7144,2859
74202,17.36,2304.9,68.46,8.54,25.55,23.2,72.7,60.3,0.7152,2850
74285,17.52,2226.1,67.21,9.01,25.83,22.5,72.1,60.0,0.716,2756
74368,17.4,2392.2,68.56,9.92,29.4,21.7,72.4,59.7,0.7168,2965
74451,18.0,2295.7,67.78,9.31,23.0,24.2,72.6,59.8,0.7176,2848
74534,17.67,2312.8,68.32,7.95,23.35,17.4,73.1,60.2,0.7184,2873
74617,17.82,2298.1,68.12,8.0,22.81,17.8,73.0,60.8,0.7192,2857
